date,label,sport,location,air_c,dew_c,wx_station,hr_lock_pct,moving_min,dist_km,avg_hr,max_hr,avg_pace,gap_pace,median_alt_m,n_settled_s,pct_hrr,vo2_hr,vo2_hr_daniels,ef,drift_bpm_per_h,decoupling_pct,steady_run,best_1600,best_1600_hrmax_pct,best_3000,best_3000_hrmax_pct,best_5000,best_5000_hrmax_pct,best_10000,best_10000_hrmax_pct,n_reps,rep_dur_s,rep_gap_pace,rep_peak_pct_hrr,rep_hr_rise_per_ms,rep_hr_rec_60s,hr_per_ms,hr_speed_r,vo2_regr,best_21097.5,best_21097.5_hrmax_pct,perf_vdot,perf_dist,exclude,vo2_run,heat_adj_vo2,vo2_adj,ef_adj,w,fitness_vo2,perf_vdot_90d
2025-08-13,471135681675034726,100,New York County Run,30.0,21.1,USW00094728@0.9km,0.0,31.8,5.98,164.2,188.0,5:22,5:25,8.0,468,0.892,52.31,45.04,1.218,,,,7:35,0.894,14:32,0.881,26:51,0.842,,,3.0,225.0,4:20,0.912,17.7,10.3,10.7,0.74,66.77,,,,,,52.31,3.584961037652083,55.89496103765209,1.2828899753926486,0.39,,
2025-08-13,471136859569815556,100,New York County Run,25.6,22.8,USW00094728@2.0km,0.0,12.8,2.08,157.9,167.0,6:09,5:59,21.0,235,0.758,45.22,34.29,0.988,,,,9:55,0.799,,,,,,,,,,,,,,,,,,,,,45.22,3.3809349212295685,48.600934921229566,1.0542268496242266,0.25,53.05,
2025-08-15,471180214045540555,100,Kentfield Run,17.2,13.2,USL000TIBC1@8.4km,0.0,48.5,8.09,150.1,161.0,6:01,6:01,0.0,1664,0.724,50.58,39.36,1.099,0.2,2.2,True,9:13,0.745,17:39,0.768,30:56,0.749,,,,,,,,,,,,,,,,,50.58,1.0346398554501062,51.61463985545011,1.1177200127277407,1.0,52.16,
2025-08-17,471225512797175913,100,Truckee Run,18.0,6.0,USW00093201@17.1km,0.0,39.1,6.59,135.8,163.0,7:22,7:26,2121.0,89,,,,,,,,12:15,0.675,25:55,0.674,48:46,0.678,,,2.0,106.0,5:37,0.757,18.9,,,,,,,,,altitude;too_little_settled_data;,,0.6313537504757141,,,0.25,52.16,
2025-08-18,471250465496006764,100,Truckee Run,23.0,5.0,USW00093201@17.1km,0.0,34.6,5.64,149.9,165.0,6:25,6:19,2122.0,142,,,,,,,,10:01,0.757,20:40,0.759,35:31,0.771,,,,,,,,,15.3,0.91,68.32,,,,,altitude;too_little_settled_data;,,1.1574818758721426,,,0.25,52.16,
2025-08-19,471276487360675847,100,Truckee Run,27.0,1.0,USW00093201@17.1km,0.0,11.5,1.67,142.9,158.0,6:52,5:59,2125.0,186,0.726,54.1,43.16,1.179,,,,11:47,0.723,,,,,,,,,,,,,,,,,,,,altitude;,54.1,1.5783843761892853,55.678384376189285,1.1970275026806998,0.25,52.16,
2025-08-20,471298393841369290,100,Truckee Run,27.0,0.0,USW00093201@17.1km,0.0,29.3,4.88,150.8,168.0,6:09,6:01,2087.0,514,0.719,51.83,40.82,1.13,,,,9:35,0.742,20:46,0.729,,,,,,,,,,,,,,,,,,altitude;,51.83,1.5783843761892853,53.40838437618928,1.1480275026806996,0.42833333333333334,52.16,
2025-08-21,471319265759232106,100,Truckee Run,23.0,2.0,USW00093201@17.1km,0.0,39.0,7.49,149.3,179.0,6:44,6:03,2128.0,141,,,,,,,,12:38,0.75,23:56,0.761,42:23,0.746,,,2.0,79.0,4:54,0.799,17.2,,,,,,,,,altitude;too_little_settled_data;,,1.1574818758721426,,,0.25,52.16,
2025-08-23,471365076966735976,100,Truckee Run,22.0,7.0,USW00093201@17.1km,0.0,62.0,10.1,143.1,160.0,6:30,6:28,2073.0,886,0.689,50.3,38.06,1.071,2.7,3.2,True,10:05,0.716,19:35,0.725,33:12,0.74,1:20:09,0.72,,,,,,,,,,,,,,altitude;,50.3,1.0522562507928568,51.352256250792855,1.0830183351204665,0.7383333333333333,52.16,
2025-08-25,471414122796319022,100,New York County Run,28.3,9.4,USW00094728@0.7km,0.0,42.3,7.24,155.0,170.0,5:50,5:47,31.0,1239,0.754,50.32,39.79,1.107,24.8,7.4,True,9:04,0.799,17:18,0.767,29:11,0.787,,,1.0,67.0,4:50,0.751,6.6,,,,,,,,,,50.32,1.7151776887923567,52.03517768879236,1.1265898862463606,1.0,52.1,
2025-08-26,471433305194004582,100,New York County Run,23.3,8.3,USW00094728@0.8km,0.0,42.4,8.28,159.9,183.0,5:11,5:08,43.0,1311,0.866,55.51,47.74,1.277,37.5,8.8,False,6:54,0.903,13:16,0.886,23:14,0.87,,,,,,,,,21.7,0.85,60.51,,,,,,55.51,1.1890495633959282,56.699049563395924,1.2905807186861271,1.0,53.53,
2025-08-27,471462030484734551,100,New York County Run,21.7,8.9,USW00094728@0.9km,0.0,9.8,1.87,149.4,160.0,5:23,5:37,16.0,0,,,,,,,,8:35,0.753,,,,,,,,,,,,,,,,,,,,too_little_settled_data;,,1.020688563269071,,,0.25,53.53,
2025-08-27,471463935288049667,100,New York County Run,21.1,7.2,USW00094728@2.0km,0.0,23.8,3.82,142.3,157.0,6:23,6:19,6.0,589,0.641,53.12,40.17,1.116,,,,10:02,0.718,19:24,0.732,,,,,,,,,,,,,,,,,,,53.12,0.9575531882214998,54.0775531882215,1.1269366849596247,0.49083333333333334,53.61,
2025-08-31,471553012911865857,100,Sparta Township Run,,,,0.6,108.5,18.71,156.3,175.0,5:55,5:52,238.0,801,0.722,51.41,40.17,1.116,9.3,-1.1,False,8:37,0.696,16:50,0.832,29:28,0.766,1:00:48,0.78,2.0,86.0,4:46,0.836,9.9,4.1,17.3,0.62,,,,,,no_weather;,51.41,0.31567687523785704,51.72567687523785,1.11960550053614,0.663495,53.61,
2025-09-01,471574839935664128,100,Sparta Township Run,,,,0.0,27.1,4.48,142.9,159.0,6:03,5:58,294.0,571,0.671,56.03,43.71,1.189,,,,9:14,0.748,17:43,0.733,,,,,2.0,67.0,4:53,0.728,11.8,5.4,,,,,,,,no_weather;,56.03,0.31567687523785704,56.34567687523786,1.19260550053614,0.47583333333333333,53.61,
2025-09-02,471596887879745738,100,Sparta Township Run,23.3,10.0,USW00054779@8.3km,0.0,39.0,6.56,147.2,171.0,5:60,5:53,318.0,339,0.738,53.89,42.84,1.173,,,,8:38,0.76,18:46,0.759,30:45,0.751,,,3.0,67.0,4:53,0.784,16.4,19.8,26.7,0.98,59.25,,,,,,53.89,1.1890495633959282,55.07904956339593,1.1865807186861272,0.2825,53.73,
2025-09-05,471667373395443815,100,New York County Run,26.7,17.8,USW00094728@0.9km,0.0,54.7,11.04,166.4,189.0,5:05,5:04,46.0,929,0.906,53.96,46.64,1.253,9.4,8.1,False,6:59,0.926,13:41,0.895,23:21,0.895,1:06:04,0.857,2.0,128.0,3:59,0.889,10.6,14.4,22.2,0.91,56.98,,,,,,55.47,2.7350165384451874,58.205016538445186,1.3010637438857622,0.7741666666666667,54.6,
2025-09-06,471694485374402562,100,New York County Run,23.3,18.3,USW00094728@0.7km,0.0,34.3,5.54,141.9,157.0,6:09,6:10,36.0,818,0.66,52.5,40.02,1.113,,,,9:38,0.734,20:26,0.737,36:32,0.729,,,,,,,,,,,,,,,,,52.5,2.453416070212776,54.953416070212775,1.1589260222049753,0.6816666666666666,54.65,
2025-09-07,471719412037091332,100,New York County Run,18.9,13.3,USW00094728@0.8km,0.0,75.6,12.67,141.8,163.0,5:60,6:01,31.0,1005,0.651,56.33,44.35,1.204,6.0,2.7,False,8:56,0.708,18:45,0.729,32:54,0.736,1:08:28,0.718,,,,,,,,,,,,,,,56.33,1.2287567494923237,57.558756749492325,1.2251528321502543,0.8375,55.11,
2025-09-08,471739863060742148,100,New York County Run,21.7,5.0,USW00094728@1.1km,0.0,14.2,2.42,130.7,147.0,5:57,6:05,23.0,266,0.626,59.54,46.47,1.245,,,,9:44,0.65,,,,,,,,,,,,,,,,,,,,,59.54,1.020688563269071,60.56068856326907,1.2566577850668528,0.25,55.37,
2025-09-09,471757845551939685,100,New York County Run,20.6,8.9,USW00094728@0.8km,0.0,50.6,9.78,160.1,181.0,5:13,5:11,31.0,632,0.852,57.83,50.2,1.33,15.0,11.1,False,7:15,0.872,14:08,0.866,23:36,0.859,,,4.0,188.0,4:11,0.864,14.2,12.7,7.3,0.45,,,,,,,57.83,0.904940375681857,58.73494037568186,1.3403357682036012,0.5266666666666666,55.67,
2025-09-11,471812181436957175,100,New York County Run,22.8,9.4,USW00094728@0.7km,0.0,30.8,5.12,137.2,151.0,6:05,6:06,25.0,871,0.637,56.42,43.62,1.188,,,,9:30,0.69,17:56,0.707,34:28,0.699,,,,,,,,,,,,,,,,,56.42,1.1364367508562854,57.556436750856285,1.200979801930104,0.7258333333333333,55.89,
2025-09-12,471829169643225089,100,New York County Run,24.4,8.3,USW00094728@0.9km,0.0,52.5,10.44,160.7,181.0,5:11,5:09,8.0,1170,0.843,55.89,47.68,1.276,13.9,8.2,False,7:07,0.845,14:09,0.844,23:48,0.852,57:59,0.815,,,,,,,11.9,0.61,,,,,,,55.89,1.3047977509831423,57.19479775098314,1.2909027355493785,0.975,56.07,
2025-09-14,471874585164284205,100,Sparta Township Run,26.1,14.4,USW00054779@7.5km,0.0,97.6,16.12,128.4,144.0,7:01,7:08,229.0,630,0.541,54.91,39.6,1.103,4.3,-1.0,False,11:07,0.67,21:26,0.668,39:03,0.648,1:21:47,0.641,2.0,97.0,5:36,0.643,17.8,17.3,,,,,,,,,54.91,2.153947895544932,57.06394789554493,1.1370927604093677,0.525,56.14,
2025-09-21,472042386329993218,100,New York County Run,17.8,8.9,USW00094728@0.8km,0.0,16.8,2.88,130.6,159.0,6:42,6:31,48.0,316,0.559,58.85,44.0,1.192,,,,13:24,0.615,,,,,,,,,,,,,,,,,,,,,58.85,0.610308625459857,59.46030862545986,1.1989706343698705,0.2633333333333333,56.28,
2025-09-23,472084507342700546,100,New York County Run,27.2,17.2,USW00094728@0.7km,0.0,41.6,6.55,152.0,168.0,6:22,6:18,30.0,1032,0.741,46.58,35.69,1.018,2.2,4.4,True,9:34,0.794,18:22,0.772,33:13,0.785,,,1.0,82.0,5:06,0.74,42.9,10.0,,,,,,,,,46.58,2.696229362540239,49.276229362540235,1.0643264459295798,0.86,55.42,
2025-09-26,472155597362462822,100,New York County Run,27.2,13.3,USW00094728@0.7km,0.0,44.2,7.7,155.1,172.0,6:00,5:58,39.0,1175,0.747,48.07,37.36,1.055,9.1,5.9,True,9:05,0.772,17:32,0.784,30:37,0.792,,,1.0,71.0,4:57,0.833,9.3,15.4,,,,,,,,,48.07,2.102129437650395,50.1721294376504,1.0861280503002415,0.9791666666666666,54.73,
2025-09-28,472200079531344173,100,New York County Run,25.0,16.1,USW00094728@0.7km,0.0,99.5,16.19,145.3,163.0,6:31,6:29,20.0,1069,0.676,49.41,37.18,1.053,2.6,-4.0,True,10:00,0.721,19:10,0.737,33:02,0.739,1:11:21,0.728,,,,,,,,,,,,,,,49.41,2.29716634188406,51.707166341884054,1.0923956852306995,0.8908333333333334,54.4,
2025-09-29,472228353032618289,100,New York County Run,22.2,11.7,USW00094728@0.3km,0.0,33.7,5.41,135.9,152.0,6:15,6:18,27.0,630,0.632,54.99,42.08,1.156,,,,10:47,0.709,20:36,0.701,35:55,0.69,,,,,,,,,,,,,,,,,54.99,1.332268009735056,56.322268009735055,1.1748836435074592,0.525,54.52,
2025-09-30,472249339316568164,100,New York County Run,25.6,10.0,USW00094728@0.7km,0.0,28.1,5.18,139.8,167.0,5:44,5:44,24.0,204,0.651,57.24,44.66,1.209,,,,9:01,0.724,17:58,0.726,34:14,0.704,,,1.0,96.0,4:24,0.799,17.0,,11.8,0.89,92.33,,,,,,57.24,1.4310685010782853,58.67106850107829,1.2253449357638346,0.25,54.64,
2025-10-03,472317818812006701,100,Sparta Township Run,21.7,10.6,USW00054779@7.5km,0.0,46.6,8.64,163.2,183.0,5:30,5:27,224.0,1058,0.871,52.03,43.93,1.195,8.8,10.0,False,7:21,0.877,14:58,0.872,25:38,0.87,,,2.0,218.0,4:34,0.865,18.6,,18.7,0.9,59.45,,,,,,52.03,1.1120885517136623,53.14208855171366,1.2089959997790585,0.8816666666666667,54.49,
2025-10-05,472365111770644481,100,Sparta Township Run,28.9,12.2,USW00054779@8.3km,0.0,70.9,11.75,151.2,166.0,6:10,6:07,303.0,558,0.7,50.35,38.38,1.078,4.6,-1.3,False,8:40,0.79,18:19,0.776,30:40,0.777,1:03:14,0.767,2.0,97.0,4:59,0.783,11.7,15.5,,,,,,,,,50.35,2.1134463548034295,52.46344635480343,1.1068844402983435,0.465,54.38,
2025-10-06,472388073204776961,100,Sparta Township Run,27.2,11.1,USW00054779@8.3km,0.0,27.8,4.55,146.0,164.0,6:21,6:14,307.0,442,0.694,49.75,37.74,1.065,,,,9:40,0.754,19:39,0.748,,,,,1.0,101.0,5:15,0.778,22.6,21.8,,,,,,,,,49.75,1.766996146686893,51.51699614668689,1.0875545963554867,0.36833333333333335,54.26,
2025-10-08,472436954774929610,100,New York County Run,18.3,1.1,USW00094728@0.9km,0.0,47.8,9.35,159.6,180.0,5:14,5:15,2.0,1301,0.843,55.93,47.88,1.28,0.3,0.1,False,6:51,0.897,13:20,0.881,23:20,0.864,,,1.0,81.0,4:10,0.829,9.1,,18.3,0.95,63.18,,,,,,55.93,0.6629214379994999,56.5929214379995,1.287571551125894,1.0,54.51,
2025-10-10,472480584394899457,100,New York County Run,15.6,3.3,USW00094728@0.7km,0.0,27.8,4.51,139.1,153.0,6:14,6:14,44.0,746,0.643,53.92,41.0,1.133,,,,9:36,0.728,18:54,0.722,,,,,,,,,,,,,,,,,,,53.92,0.3788122502854284,54.29881225028543,1.137326600643368,0.6216666666666667,54.49,
2025-10-12,472524599219748969,100,New York County Run,15.6,8.3,USW00094728@0.8km,0.0,46.0,7.4,141.8,155.0,6:11,6:09,37.0,1295,0.662,53.54,40.87,1.131,-2.3,4.2,True,9:11,0.745,17:56,0.732,32:10,0.733,,,,,,,,,,,,,,,,,53.54,0.3788122502854284,53.91881225028543,1.135326600643368,1.0,54.44,
2025-10-13,472550504570847237,100,New York County Run,14.0,12.0,USW00094728@0.8km,0.0,29.0,4.59,144.4,159.0,6:15,6:12,41.0,868,0.672,52.13,39.91,1.111,,,,9:44,0.742,18:43,0.751,,,,,,,,,,,,,,,,,,,52.13,0.5151178783072093,52.64511787830721,1.1211977160647795,0.7233333333333334,54.32,
2025-10-14,472577008547692649,100,New York County Run,16.1,11.1,USW00094728@0.7km,0.0,40.0,7.72,155.6,180.0,5:18,5:19,31.0,774,0.833,56.43,47.52,1.272,-2.1,5.5,False,7:33,0.842,14:07,0.84,24:23,0.838,,,3.0,286.0,4:20,0.862,19.8,18.1,22.1,0.91,61.48,,,,,,56.43,0.5989917083068222,57.02899170830682,1.2812142443717687,0.645,54.47,
2025-10-15,472599130579959908,100,New York County Run,16.1,8.3,USW00094728@0.7km,0.0,30.6,4.69,139.0,157.0,6:35,6:39,38.0,658,0.657,51.55,38.82,1.088,,,,10:07,0.725,19:17,0.733,,,,,1.0,102.0,5:20,0.655,20.0,3.6,,,,,,,,,51.55,0.4314250628250714,51.98142506282507,1.0929275173993913,0.5483333333333333,54.35,
2025-10-18,472657443084599309,100,Brooklyn Run,12.2,6.7,USI0000KJRB@5.9km,0.0,10.8,1.83,133.4,147.0,6:41,6:34,26.0,104,,,,,,,,15:50,0.644,,,,,,,,,,,,,,,,,,,,too_little_settled_data;,,0.02104512501585706,,,0.25,54.35,
2025-10-18,472659146037035114,100,Brooklyn Run,13.3,6.7,USI0000KJRB@6.0km,0.0,91.1,21.37,178.1,189.0,4:15,4:13,38.0,1845,0.857,59.02,51.38,1.355,9.4,3.2,True,6:27,0.911,12:20,0.908,21:00,0.909,42:12,0.919,,,,,,,,,,1:30:01,0.904,51.0,21097.5,,59.02,0.13679331260307145,59.15679331260308,1.3565623835656606,1.0,54.77,51.0
2025-10-24,472815024358850562,100,New York County Run,15.0,2.2,USW00094728@0.8km,0.0,26.8,4.37,139.2,159.0,6:12,6:14,34.0,588,0.658,51.83,39.42,1.101,,,,9:46,0.727,22:43,0.7,,,,,,,,,,,,,,,,,,,51.83,0.31567687523785704,52.145676875237854,1.10460550053614,0.49,54.65,51.0
2025-10-26,472855210488791144,100,New York County Run,11.7,-1.1,USW00094728@0.7km,0.0,17.1,2.92,129.3,143.0,6:24,6:27,28.0,210,0.596,53.33,39.07,1.093,,,,11:10,0.652,,,,,,,,,,,,,,,,,,,,,53.33,-0.0,53.33,1.093,0.25,54.61,51.0
2025-11-03,473038444531056743,100,New York Run,13.3,6.7,USW00094728@0.7km,0.0,28.6,4.72,143.6,172.0,6:10,6:13,42.0,704,0.695,49.82,37.92,1.068,,,,9:41,0.75,20:06,0.748,,,,,,,,,,,,,,,,,,,49.82,0.13679331260307145,49.956793312603075,1.0695623835656607,0.5866666666666667,54.31,51.0
2025-11-09,473179296104480773,100,New York County Run,15.0,13.9,USW00094728@0.8km,0.0,19.7,2.91,133.1,154.0,6:58,6:56,19.0,380,0.636,48.9,35.55,1.019,,,,11:58,0.694,,,,,,,1.0,108.0,5:41,0.709,71.8,18.6,,,,,,,,,48.9,0.9097768001277011,49.8097768001277,1.037803896165478,0.31666666666666665,54.14,51.0
2025-11-17,473363770331136305,100,New York County Run,5.6,-8.9,USW00094728@0.7km,0.0,15.8,2.41,135.0,152.0,6:36,6:47,40.0,222,0.631,52.25,38.86,1.089,,,,12:29,0.692,,,,,,,,,,,,,,,,,,,,,52.25,-0.0,52.25,1.089,0.25,54.07,51.0
2025-11-23,473506908425191428,100,New York County Run,8.3,0.0,USW00094728@1.9km,0.0,12.2,1.87,149.0,160.0,6:57,6:39,28.0,357,0.707,46.12,34.44,0.992,,,,11:27,0.752,,,,,,,,,,,,,,,,,,,,,46.12,-0.0,46.12,0.992,0.2975,53.71,51.0
2025-11-23,473505775640150119,100,New York County Run,8.3,0.0,USW00094728@0.8km,0.0,13.3,1.98,143.3,160.0,6:57,7:18,13.0,140,,,,,,,,11:55,0.743,,,,,,,,,,,,,,,,,,,,too_little_settled_data;,,-0.0,,,0.25,53.71,51.0
2025-11-29,473640677060673540,100,Sparta Township Run,3.9,-9.4,USW00054779@8.3km,0.0,17.2,2.56,140.2,155.0,6:57,6:46,312.0,68,,,,,,,,12:51,0.705,,,,,,,1.0,86.0,5:27,0.702,39.1,-1.2,,,,,,,,too_little_settled_data;,,-0.0,,,0.25,53.71,51.0
2025-12-18,474081982534418435,100,Kentfield Run,11.5,,USL000RCMC1@12.2km,0.0,22.4,3.73,136.6,156.0,6:47,6:52,-2.0,593,0.683,47.23,34.99,1.005,,,,10:46,0.732,24:51,0.679,,,,,,,,,,,,,,,,,,,47.23,-0.0,47.23,1.005,0.49416666666666664,52.91,51.0
2026-01-09,474577867917787343,100,Kodagu district Run,,,,0.0,17.0,2.42,136.7,163.0,7:28,7:09,942.0,31,,,,,,,,12:22,0.668,,,,,,,,,,,,,,,,,,,,too_little_settled_data;no_weather;,,0.31567687523785704,,,0.25,,51.0
2026-02-05,475215593786605571,100,Sparta Township Run,-1.1,-12.2,USW00054779@8.3km,0.0,27.9,4.5,147.7,170.0,6:13,6:08,312.0,354,0.678,54.92,42.79,1.171,,,,9:00,0.761,17:57,0.765,,,,,1.0,64.0,5:04,0.743,17.3,9.2,,,,,,,,,54.92,-0.0,54.92,1.171,0.295,53.29,
2026-02-11,475360154064289798,100,New York County Run,2.8,-7.8,USW00094728@0.8km,0.0,12.2,1.99,148.6,170.0,6:21,6:37,8.0,101,,,,,,,,10:57,0.772,,,,,,,,,,,,,,,,,,,,too_little_settled_data;,,-0.0,,,0.25,53.29,
2026-02-11,475362124124684289,100,New York County Run,2.2,-8.3,USW00094728@2.0km,0.0,13.1,2.18,158.4,179.0,6:20,6:03,38.0,50,,,,,,,,10:09,0.802,,,,,,,,,,,,,,,,,,,,too_little_settled_data;,,-0.0,,,0.25,53.29,
2026-02-14,475425094787694592,100,New York County Run,7.2,-4.4,USW00094728@0.7km,0.0,33.5,5.22,148.3,170.0,6:23,6:19,41.0,700,0.66,53.01,40.68,1.127,,,,9:46,0.728,19:53,0.754,34:30,0.756,,,,,,,,,,,,,,,,,53.01,-0.0,53.01,1.127,0.5833333333333334,53.2,
2026-02-18,475521795697442918,100,New York County Run,3.9,3.3,USW00094728@0.8km,0.0,31.0,5.0,150.1,163.0,6:12,6:11,38.0,737,0.74,47.15,36.07,1.027,,,,9:29,0.791,18:05,0.792,34:36,0.752,,,,,,,,,,,,,,,,,47.15,-0.0,47.15,1.027,0.6141666666666666,51.57,
2026-02-22,475613075293110573,100,New York County Run,-0.6,-1.7,USW00094728@0.7km,0.0,32.1,4.75,150.2,160.0,6:53,6:51,69.0,851,0.717,43.47,31.67,0.932,,,,10:57,0.783,20:56,0.772,,,,,,,,,,,,,,,,,,,43.47,-0.0,43.47,0.932,0.7091666666666666,49.51,
2026-02-25,475680857942687746,100,New York County Run,5.6,-2.8,USW00094728@0.9km,0.0,33.5,5.39,147.3,168.0,6:16,6:14,29.0,637,0.688,50.48,38.58,1.083,,,,9:15,0.76,18:24,0.757,33:22,0.75,,,,,,,,,,,,,,,,,50.48,-0.0,50.48,1.083,0.5308333333333334,49.67,
2026-03-02,475798527430131715,100,New York County Run,0.0,-13.9,USW00094728@1.9km,0.0,15.2,2.5,153.8,175.0,6:14,6:02,16.0,179,,,,,,,,9:44,0.809,,,,,,,,,,,,,,,,,,,,too_little_settled_data;,,-0.0,,,0.25,49.67,
2026-03-02,475796019695616304,100,New York County Run,-0.6,-16.1,USW00094728@0.9km,0.0,11.4,1.84,143.7,159.0,6:31,6:42,25.0,45,,,,,,,,12:05,0.717,,,,,,,,,,,,,,,,,,,,too_little_settled_data;,,-0.0,,,0.25,49.67,
2026-03-04,475844875227529223,100,New York County Run,8.9,2.8,USW00094728@0.7km,0.0,44.5,7.59,154.7,179.0,6:00,5:58,34.0,947,0.725,49.71,39.56,1.102,6.2,2.0,False,7:50,0.885,17:00,0.841,31:02,0.815,,,2.0,297.0,4:48,0.873,25.7,,25.5,0.83,55.42,,,,,,49.71,-0.0,49.71,1.102,0.7891666666666667,49.68,
2026-03-06,475893151196807168,100,New York County Run,3.9,0.6,USW00094728@0.7km,0.0,35.0,5.94,146.3,160.0,6:13,6:14,25.0,986,0.692,49.68,37.62,1.062,,,,9:55,0.766,18:38,0.759,34:02,0.747,,,,,,,,,,,,,,,,,49.68,-0.0,49.68,1.062,0.8216666666666667,49.68,
2026-03-09,475960349437231205,100,New York County Run,21.7,2.2,USW00094728@0.9km,0.0,29.0,4.32,144.8,160.0,6:42,6:51,14.0,988,0.7,46.5,34.14,0.987,,,,10:42,0.754,26:03,0.749,,,,,,,,,,,,,,,,,,,46.5,1.020688563269071,47.52068856326907,0.9986577850668525,0.8233333333333334,49.3,
2026-03-10,475985712292855809,100,New York County Run,24.4,6.7,USW00094728@0.8km,0.0,24.3,3.85,141.9,160.0,6:37,6:34,35.0,201,0.685,47.3,35.83,1.023,,,,11:16,0.74,23:42,0.727,,,,,,,,,,,,,,,,,,,47.3,1.3047977509831423,48.60479775098314,1.0379027355493784,0.25,49.26,
2026-03-14,476102435557900488,100,New York County Run,10.0,-10.0,USW00094728@0.8km,0.0,45.1,7.65,142.4,174.0,6:44,6:44,27.0,482,0.645,46.93,33.87,0.983,13.6,-20.1,False,8:29,0.777,19:26,0.738,37:02,0.716,,,1.0,510.0,5:00,0.814,35.2,,9.7,0.64,,,,,,,46.93,-0.0,46.93,0.983,0.40166666666666667,49.06,
2026-03-17,476146370915368967,100,New York County Run,2.8,-13.9,USW00094728@0.9km,0.0,12.0,1.96,134.9,152.0,6:20,6:38,22.0,115,,,,,,,,10:47,0.684,,,,,,,,,,,,,,,,,,,,too_little_settled_data;,,-0.0,,,0.25,49.06,
2026-03-24,476305404169584640,100,Kentfield Run,16.4,12.1,USL000TIBC1@8.4km,0.0,30.7,4.8,146.8,165.0,6:25,6:29,-2.0,696,0.702,47.28,35.31,1.012,,,,10:10,0.751,19:59,0.761,,,,,,,,,,,,,,,,,,,47.28,0.7828927099049267,48.06289270990493,1.025471818945726,0.58,48.93,
2026-03-25,476327645376708911,100,Kentfield Run,15.2,9.7,USL000TIBC1@10.0km,0.0,41.7,7.24,142.3,161.0,6:54,6:53,153.0,1378,0.682,46.06,33.72,0.979,26.9,-3.1,True,10:49,0.763,22:38,0.748,41:47,0.694,,,1.0,76.0,5:49,0.76,18.2,,,,,,,,,,46.06,0.33672200025371407,46.39672200025372,0.9828458672385493,1.0,48.44,
2026-03-31,476470776248172554,100,New York County Run,26.1,12.2,USW00094728@0.8km,0.0,31.1,4.66,143.4,160.0,6:53,6:54,39.0,787,0.666,46.52,34.18,0.988,,,,10:50,0.725,21:07,0.745,,,,,,,,,,,,,,,,,,,46.52,1.81881460458143,48.33881460458143,1.0135193064646126,0.6558333333333334,48.43,
2026-04-03,476538462774788197,100,New York County Run,15.0,10.0,USW00094728@0.8km,0.0,30.2,5.28,144.4,171.0,6:06,6:06,28.0,457,0.7,50.53,39.95,1.11,,,,9:58,0.762,19:57,0.748,35:54,0.731,,,1.0,164.0,5:06,0.827,57.3,,19.9,0.75,62.83,,,,,,50.53,0.31567687523785704,50.84567687523786,1.11360550053614,0.38083333333333336,48.61,
2026-04-05,476587865902448640,100,New York County Run,13.3,11.1,USW00094728@0.7km,0.0,52.6,8.07,145.5,161.0,6:43,6:42,37.0,1298,0.684,46.1,33.81,0.98,-3.9,0.9,True,10:23,0.729,19:55,0.744,33:39,0.751,,,,,,,,,,,,,,,,,46.1,0.3043599580848223,46.404359958084825,0.985849110538038,1.0,48.24,
2026-04-09,476683453901865364,100,New York County Run,5.6,2.2,USW00094728@0.8km,0.0,28.5,5.17,152.7,175.0,5:36,5:34,31.0,717,0.684,53.85,43.14,1.178,,,,7:33,0.867,15:22,0.816,30:19,0.777,,,,,,,,,24.4,0.92,60.16,,,,,,53.85,-0.0,53.85,1.178,0.5975,48.8,
2026-04-11,476727363489529860,100,New York Run,15.6,-4.4,USW00094728@0.4km,0.0,42.2,6.66,146.3,161.0,6:29,6:29,30.0,918,0.703,48.33,36.52,1.038,6.8,2.9,True,10:41,0.753,20:02,0.76,35:03,0.751,,,,,,,,,,,,,,,,,48.33,0.3788122502854284,48.708812250285426,1.042326600643368,0.765,48.79,
2026-04-13,476773640967323656,100,New York County Run,25.6,11.7,USW00094728@0.7km,0.0,14.4,2.35,136.0,155.0,5:60,6:14,33.0,161,,,,,,,,10:46,0.715,,,,,,,,,,,,,,,,,,,,too_little_settled_data;,,1.6900351350046277,,,0.25,48.79,
2026-04-18,476886234327711846,100,Sparta Township Run,21.1,10.0,USW00054779@8.3km,0.0,28.0,5.08,153.0,167.0,5:50,5:45,308.0,324,0.764,50.65,40.24,1.117,,,,8:33,0.78,17:59,0.797,38:00,0.777,,,,,,,,,,,,,,,,,50.65,0.9575531882214998,51.6075531882215,1.1279366849596246,0.27,48.92,
2026-04-20,476936472304320614,100,New York County Run,7.8,-9.4,USW00094728@0.8km,0.0,20.4,3.24,141.9,160.0,6:27,6:33,85.0,205,0.662,48.62,35.58,1.019,,,,10:24,0.743,21:45,0.726,,,,,,,,,,,,,,,,,,,48.62,-0.0,48.62,1.019,0.25,48.9,
2026-04-20,476938039162077284,100,New York County Run,6.1,-7.8,USW00094728@1.9km,6.4,12.0,2.02,144.3,166.0,6:19,6:07,28.0,44,,,,,,,,11:38,0.736,,,,,,,,,,,,,,,,,,,,too_little_settled_data;,,-0.0,,,0.23399999999999999,48.9,
2026-04-22,476980335989522535,101,Indoor Run,,,,0.0,30.2,4.97,139.5,152.0,6:05,6:05,,1284,0.654,54.29,41.57,1.146,,,,9:38,0.742,18:19,0.723,,,,,,,,,,,,,,,,,,treadmill;,54.29,0.31567687523785704,54.605676875237855,1.1496055005361399,1.0,48.9,
2026-04-24,477023903869337802,100,New York County Run,18.3,1.1,USW00094728@0.8km,0.0,24.5,3.86,143.1,156.0,6:32,6:29,33.0,315,0.677,47.32,34.91,1.004,,,,10:39,0.752,20:44,0.741,,,,,,,,,,,,,,,,,,,47.32,0.6629214379994999,47.9829214379995,1.011571551125894,0.2625,48.86,
2026-04-26,477070952830631945,100,New York County Run,12.8,3.3,USW00094728@0.8km,0.0,53.4,8.94,144.5,157.0,6:03,6:01,22.0,1542,0.683,51.85,39.96,1.112,-5.0,0.0,True,9:20,0.742,17:53,0.75,31:24,0.749,,,,,,,,,,,,,,,,,51.85,0.08418050006342861,51.93418050006343,1.1129614668096375,1.0,49.35,
2026-04-29,477134904077877252,100,New York County Run,12.2,3.9,USW00094728@0.7km,0.0,40.2,6.99,151.6,172.0,5:45,5:45,35.0,1027,0.724,52.19,40.9,1.131,6.4,1.2,False,8:40,0.783,16:37,0.782,31:25,0.774,,,2.0,89.0,4:47,0.821,15.3,,23.8,0.88,59.51,,,,,,52.19,0.02104512501585706,52.21104512501586,1.1312403667024094,0.8558333333333333,49.72,
2026-04-30,477166191314501838,100,New York County Run,15.0,8.3,USW00094728@3.2km,0.0,33.6,5.52,148.3,157.0,6:04,6:04,7.0,936,0.701,50.03,38.18,1.074,,,,9:41,0.766,19:02,0.765,35:54,0.755,,,,,,,,,,,,,,,,,50.03,0.31567687523785704,50.34567687523786,1.07760550053614,0.78,49.79,
2026-05-02,477212348243804162,100,New York County Run,15.0,-1.7,USW00094728@0.7km,0.0,60.5,10.06,146.4,162.0,6:01,5:58,21.0,1764,0.681,52.01,40.08,1.114,1.3,-2.1,True,9:01,0.756,17:27,0.762,30:56,0.759,1:06:29,0.743,,,,,,,,,,,,,,,52.01,0.31567687523785704,52.32567687523785,1.11760550053614,1.0,50.11,
2026-05-04,477260557920010541,100,New York County Run,18.9,7.2,USW00094728@0.7km,0.0,9.0,2.46,111.7,133.0,6:39,6:40,35.0,0,,,,,,,,14:57,0.558,,,,,,,,,,,,,,,,,,,,too_little_settled_data;,,0.726056813047071,,,0.25,50.11,
2026-05-05,477281084093005928,101,Indoor Run,,,,0.0,37.1,6.05,146.1,158.0,6:08,6:08,,1742,0.696,50.09,38.27,1.076,,,,9:40,0.758,18:18,0.761,30:42,0.764,,,,,,,,,,,,,,,,treadmill;,50.09,0.31567687523785704,50.40567687523786,1.07960550053614,1.0,50.11,
2026-05-06,477304922247823461,100,New York County Run,16.7,15.0,USW00094728@3.2km,0.0,35.7,6.3,151.8,180.0,5:48,5:46,18.0,510,0.717,50.41,39.11,1.093,,,,8:57,0.775,17:27,0.78,31:11,0.773,,,,,,,,,,,,,,,,,50.41,1.2562270082442377,51.666227008244235,1.1181337401083349,0.425,50.19,
2026-05-08,477345642295885826,100,New York County Run,12.8,2.8,USW00094728@0.7km,0.0,25.8,4.13,139.7,158.0,6:15,6:08,27.0,536,0.68,52.02,39.87,1.11,,,,10:08,0.733,25:31,0.733,,,,,,,,,,,,,,,,,,,52.02,0.08418050006342861,52.10418050006343,1.1109614668096375,0.44666666666666666,50.3,
2026-05-10,477391946606739464,100,New York County Run,13.9,12.8,USW00094728@0.7km,0.0,54.4,9.81,140.1,159.0,5:55,5:57,31.0,1179,0.646,55.62,43.15,1.179,4.4,1.6,True,9:10,0.751,17:40,0.699,30:14,0.722,,,1.0,78.0,4:55,0.702,21.1,7.7,,,,,,,,,55.62,0.6264619670587361,56.246461967058735,1.1921951523298495,0.9825,51.0,
2026-05-13,477471437850968070,100,New York County Run,16.1,8.9,USW00094728@0.7km,0.0,29.0,4.83,142.2,154.0,6:04,6:06,32.0,661,0.674,53.8,41.7,1.148,,,,9:18,0.747,18:36,0.743,,,,,,,,,,,,,,,,,,,53.8,0.4314250628250714,54.23142506282507,1.1529275173993911,0.5508333333333333,51.21,
2026-05-17,477557606974521350,100,New York County Run,30.0,11.1,USW00094728@0.9km,0.0,28.8,4.88,154.7,168.0,6:20,6:18,33.0,380,0.739,46.52,35.18,1.007,,,,10:09,0.785,20:22,0.791,,,,,,,,,,,,,,,,,,,46.52,2.061627896908893,48.5816278969089,1.0329197301892172,0.31666666666666665,51.11,
2026-05-18,477585893908054018,101,Indoor Run,,,,0.0,19.8,3.25,146.1,160.0,6:05,6:05,,825,0.703,50.23,38.65,1.084,,,,9:42,0.778,18:13,0.753,,,,,,,,,,,,,,,,,,treadmill;,50.23,0.31567687523785704,50.54567687523785,1.08760550053614,0.6875,51.11,
2026-05-20,477634305426751688,100,Kentfield Run,,,,0.0,33.1,5.64,150.8,164.0,5:54,5:56,1.0,1037,0.713,50.99,39.6,1.104,,,,9:09,0.716,17:35,0.744,29:57,0.761,,,,,,,,,,,,,,,,no_weather;,50.99,0.31567687523785704,51.30567687523786,1.10760550053614,0.8641666666666666,51.11,
2026-05-21,477653856128368746,100,Kentfield Run,,,,0.0,42.6,7.16,151.3,164.0,5:59,5:58,0.0,1285,0.73,49.88,38.69,1.084,15.8,5.5,True,9:46,0.768,18:28,0.754,31:59,0.767,,,,,,,,,,,,,,,,no_weather;,49.88,0.31567687523785704,50.19567687523786,1.08760550053614,1.0,51.11,
2026-05-23,477695807208849612,100,Sonoma County Run,13.3,10.6,USW00023213@7.1km,0.0,70.8,11.48,143.2,162.0,6:32,6:27,193.0,632,0.667,51.24,38.82,1.088,1.1,12.1,False,9:38,0.748,19:15,0.731,32:51,0.736,1:13:19,0.732,3.0,89.0,5:02,0.732,16.9,12.5,11.1,0.55,,,,,,,51.24,0.2281933010476628,51.46819330104766,1.0919005982778667,0.5266666666666666,51.13,
2026-05-26,477768400748183554,100,Kentfield Run,,,,0.0,31.7,5.71,140.1,174.0,5:54,5:58,-2.0,524,0.657,53.75,41.72,1.149,,,,9:28,0.752,19:05,0.733,33:28,0.707,,,,,,,,,,,,,,,,no_weather;,53.75,0.31567687523785704,54.065676875237855,1.15260550053614,0.43666666666666665,51.13,
2026-05-27,477795176645951597,100,New York County Run,26.1,16.7,USW00094728@0.7km,0.0,22.1,3.28,138.4,150.0,6:50,6:51,38.0,428,0.65,48.85,35.68,1.022,,,,10:53,0.724,23:30,0.71,,,,,1.0,60.0,5:33,0.68,14.7,,,,,,,,,,48.85,2.5043145179158652,51.35431451791587,1.0650559168061569,0.3566666666666667,51.15,
2026-05-28,477819431670546434,100,New York County Run,18.9,7.8,USW00094728@0.7km,0.0,39.0,7.11,146.9,170.0,5:38,5:37,35.0,565,0.693,56.2,44.72,1.212,,,,7:43,0.807,17:27,0.764,30:27,0.754,,,2.0,167.0,4:29,0.813,27.7,17.7,22.8,0.93,64.1,,,,,,56.2,0.726056813047071,56.926056813047076,1.2202926512331218,0.4708333333333333,51.52,
2026-05-30,477858744590434505,100,New York County Run,15.0,3.9,USW00094728@0.7km,0.0,72.5,12.15,149.2,161.0,5:59,6:00,38.0,1366,0.706,50.95,39.31,1.098,-1.9,-1.2,True,8:53,0.755,17:01,0.762,31:00,0.761,1:04:05,0.761,1.0,128.0,4:57,0.722,19.1,1.3,,,,,,,,,50.95,0.31567687523785704,51.26567687523786,1.10160550053614,1.0,51.48,
2026-06-01,477910101919826226,100,New York County Run,17.8,7.8,USW00094728@0.9km,0.0,32.5,5.13,146.8,159.0,5:57,6:02,8.0,1134,0.706,50.72,39.16,1.094,,,,9:26,0.753,18:21,0.761,33:07,0.753,,,,,,,,,,,,,,,,,50.72,0.610308625459857,51.33030862545986,1.1009706343698706,0.945,51.47,
2026-06-03,477959046291292163,100,New York County Run,21.7,3.9,USW00094728@0.8km,0.0,44.1,8.23,155.4,178.0,5:35,5:33,44.0,474,0.822,53.33,44.73,1.213,-11.3,10.0,False,8:10,0.846,15:33,0.824,26:52,0.82,,,4.0,101.0,4:34,0.834,18.6,16.5,16.7,0.85,63.98,,,,,,53.33,1.020688563269071,54.35068856326907,1.2246577850668527,0.395,51.6,
2026-06-05,478000834712469906,100,New York County Run,30.6,8.9,USW00094728@0.7km,0.0,26.0,4.37,148.3,164.0,6:19,6:23,41.0,511,0.72,47.66,36.1,1.028,,,,10:18,0.771,20:17,0.779,,,,,,,,,,,,,,,,,,,47.66,1.9571966264747138,49.61719662647471,1.0503541033240678,0.42583333333333334,51.5,
2026-06-06,478027064090329394,100,New York County Run,28.9,16.7,USW00094728@0.9km,0.0,79.7,13.14,146.2,166.0,6:12,6:16,21.0,948,0.671,50.67,38.49,1.081,1.9,-1.6,False,9:51,0.759,18:58,0.758,32:28,0.755,1:09:08,0.748,1.0,142.0,4:58,0.72,4.9,-0.8,,,,,,,,,50.67,2.7989462681378647,53.46894626813787,1.1274210506398874,0.79,51.67,
2026-06-08,478073103444902190,100,New York County Run,20.6,7.2,USW00094728@0.7km,0.0,35.7,6.0,130.7,155.0,6:19,6:17,37.0,376,0.651,55.87,43.51,1.186,,,,10:00,0.681,19:03,0.715,41:00,0.652,,,,,,,,,22.6,0.84,65.96,,,,,,55.87,0.904940375681857,56.77494037568185,1.196335768203601,0.31333333333333335,51.85,
2026-06-09,478098242423259236,100,New York County Run,22.2,12.8,USW00094728@0.7km,0.0,40.5,6.62,136.1,154.0,6:05,6:04,33.0,945,0.642,56.1,43.38,1.183,-19.7,1.8,True,9:45,0.726,18:37,0.721,33:14,0.706,,,,,,,,,,,,,,,,,56.1,1.4998346552168071,57.59983465521681,1.2061703704798368,0.7875,52.32,
2026-06-12,478160335570763978,100,New York County Run,30.6,21.1,USW00094728@0.9km,0.0,30.4,4.83,148.1,165.0,6:19,6:16,25.0,610,0.729,48.78,37.77,1.064,,,,10:34,0.759,20:31,0.769,,,,,,,,,,,,,,,,,,,48.78,3.6480964126996547,52.42809641269966,1.1296110754998767,0.5083333333333333,52.32,
2026-06-14,478215110630867047,100,New York County Run,23.9,17.2,USW00094728@0.9km,0.0,87.5,13.39,147.8,159.0,6:34,6:32,7.0,1270,0.665,49.51,36.86,1.046,9.5,2.6,True,10:35,0.761,20:22,0.731,35:47,0.768,1:12:20,0.75,,,,,,,,,,,,,,,49.51,2.348984799778596,51.8589847997786,1.0883603953398258,1.0,52.28,
2026-06-16,478256305272815818,101,Indoor Run,,,,0.0,20.3,3.45,143.1,156.0,5:54,5:54,,735,0.693,52.35,40.64,1.126,,,,9:16,0.747,19:05,0.717,,,,,,,,,,,,,,,,,,treadmill;,52.35,0.31567687523785704,52.66567687523786,1.1296055005361398,0.6125,52.28,
2026-06-18,478297282750480495,100,Sparta Township Run,23.9,18.9,USW00054779@8.3km,0.0,42.7,7.25,148.8,177.0,6:14,6:09,311.0,302,0.836,51.38,42.13,1.157,40.6,-15.0,False,9:28,0.831,18:02,0.824,34:09,0.79,,,3.0,273.0,4:46,0.849,22.8,31.3,26.2,0.93,56.44,,,,,,51.38,2.607951433704938,53.98795143370494,1.2059853370244091,0.25166666666666665,52.32,
2026-06-26,478490219134353511,100,New York County Run,25.6,19.4,USW00094728@0.7km,0.0,27.6,4.49,143.7,160.0,6:22,6:20,32.0,450,0.692,48.57,36.65,1.041,,,,10:26,0.766,20:14,0.748,,,,,1.0,69.0,5:18,0.726,56.0,6.8,,,,,,,,,48.57,2.863001653376884,51.433001653376884,1.09397696625506,0.375,52.28,
2026-06-28,478530739732775118,100,New York County Run,26.1,18.3,USW00094728@0.7km,0.0,65.6,10.47,153.5,165.0,6:31,6:33,33.0,1166,0.725,45.94,34.35,0.991,6.0,4.2,True,10:04,0.762,19:44,0.77,33:34,0.779,1:11:26,0.782,,,,,,,,,,,,,,,45.94,2.748047820434776,48.688047820434775,1.0402911560387058,0.9716666666666667,51.88,
2026-06-29,478561946159841288,100,New York County Run,25.6,15.6,USW00094728@0.8km,0.0,41.0,6.44,147.2,162.0,6:29,6:29,36.0,1095,0.693,47.66,35.73,1.021,5.4,4.1,True,10:01,0.757,19:49,0.764,34:07,0.761,,,,,,,,,,,,,,,,,47.66,2.2841350598944716,49.94413505989447,1.059168273077756,0.9125,51.69,
2026-07-01,478601000024834054,101,Indoor Run,,,,0.0,40.6,7.31,152.9,175.0,5:37,5:37,,1331,0.799,50.72,40.19,1.115,19.6,5.4,False,8:28,0.817,16:11,0.826,27:28,0.818,,,,,,,,,,,,,,,,treadmill;,50.72,0.31567687523785704,51.035676875237854,1.11860550053614,1.0,51.69,
2026-07-03,478654976489455721,101,Indoor Run,,,,0.0,37.2,6.2,142.0,157.0,5:59,5:59,,1503,0.67,52.94,40.54,1.124,,,,9:28,0.72,18:12,0.74,31:51,0.734,,,,,,,,,,,,,,,,treadmill;,52.94,0.31567687523785704,53.25567687523785,1.12760550053614,1.0,51.69,
2026-07-05,478692309687369830,100,Sparta Township Run,25.0,21.1,USW00054779@8.3km,0.0,85.3,13.43,147.7,162.0,6:37,6:33,305.0,585,0.642,48.88,36.28,1.034,10.8,-1.8,False,9:10,0.739,18:14,0.745,32:12,0.754,1:07:36,0.765,,,,,,,12.7,0.62,,,,,,,48.88,3.058832912255655,51.938832912255656,1.0928808078324153,0.4875,51.71,
2026-07-07,478747224870781230,100,New York County Run,21.1,17.2,USW00094728@0.9km,0.0,41.6,6.79,147.5,163.0,6:12,6:14,4.0,1168,0.704,49.93,38.47,1.08,0.3,-2.3,True,9:54,0.761,19:35,0.765,32:41,0.762,,,,,,,,,,,,,,,,,49.93,2.0543530495565965,51.984353049556596,1.1189952615060952,0.9733333333333334,51.74,
2026-07-09,478786171902656614,101,Indoor Run,,,,0.0,39.6,9.58,149.3,172.0,4:08,4:08,,1696,0.714,70.57,61.68,1.561,,,,6:22,0.72,12:02,0.744,20:28,0.759,,,,,,,,,,,,,,,,treadmill;,70.57,0.31567687523785704,70.88567687523785,1.56460550053614,1.0,51.74,
2026-07-10,478814941741088779,100,New York County Run,27.8,21.1,USW00094728@0.9km,0.0,45.0,7.28,147.2,161.0,6:12,6:11,36.0,1282,0.709,48.54,36.87,1.045,1.7,0.9,True,10:05,0.761,19:55,0.76,33:59,0.751,,,,,,,,,,,,,,,,,48.54,3.3534646624776547,51.893464662477655,1.107245941666146,1.0,51.75,
2026-07-11,478835324045262953,100,New York County Run,26.1,18.9,USW00094728@0.9km,0.0,88.2,14.53,150.4,176.0,6:11,6:11,35.0,1293,0.7,48.67,36.86,1.045,5.1,-1.6,True,9:44,0.761,18:45,0.764,32:20,0.767,1:08:00,0.766,,,,,,,,,,,,,,,48.67,2.839447808879367,51.50944780887937,1.0966293707509116,1.0,51.73,
2026-07-13,478883871409078273,100,New York County Run,26.1,15.6,USW00094728@0.7km,0.0,42.6,6.51,137.4,155.0,6:36,6:35,35.0,930,0.633,50.52,38.04,1.071,11.6,6.2,True,10:20,0.725,23:09,0.718,1:18:00,0.698,,,,,,,,,,,,,,,,,50.52,2.3367478724341146,52.85674787243412,1.1097691898337794,0.775,51.81,
2026-07-15,478932394873749507,101,Indoor Run,,,,0.0,38.1,7.34,155.3,178.0,5:30,5:30,,1218,0.843,48.07,38.91,1.086,,,,8:51,0.806,16:50,0.802,28:33,0.837,,,,,,,,,,,,,,,,treadmill;,48.07,0.31567687523785704,48.385676875237856,1.08960550053614,1.0,51.81,
2026-07-17,478977181182099665,100,New York County Run,28.3,8.3,USW00094728@0.7km,0.0,40.5,6.59,143.8,157.0,6:09,6:07,33.0,1379,0.669,52.47,39.94,1.111,9.3,3.9,True,9:15,0.743,18:10,0.744,30:38,0.747,,,,,,,,,,,,,,,,,52.47,1.7151776887923567,54.18517768879236,1.1305898862463606,1.0,52.03,
2026-07-19,479017443818242452,100,New York County Run,25.0,11.7,USW00094728@0.8km,0.0,96.2,15.45,146.9,162.0,6:15,6:13,35.0,1136,0.665,51.27,38.61,1.083,5.5,-1.2,True,9:36,0.747,18:40,0.775,31:49,0.751,1:06:41,0.759,1.0,90.0,5:18,0.765,12.1,,,,,,,,,,51.27,1.626899759957056,52.89689975995706,1.1052487773411899,0.9466666666666667,52.11,
2026-07-20,479045966964490341,100,New York County Run,25.6,12.8,USW00094728@0.9km,0.0,12.0,1.95,127.7,146.0,6:21,6:36,12.0,27,,,,,,,,11:43,0.652,,,,,,,,,,,,,,,,,,,,too_little_settled_data;,,1.8576017804863787,,,0.25,52.11,
2026-07-22,479093908192657508,100,New York County Run,26.7,14.4,USW00094728@0.7km,0.0,37.2,7.37,145.3,178.0,5:33,5:33,27.0,261,0.812,55.13,45.89,1.238,,,,8:30,0.815,17:02,0.801,29:45,0.776,,,4.0,147.0,4:23,0.843,22.9,28.2,20.4,0.92,64.33,,,,,,55.13,2.217083270592503,57.347083270592506,1.2728138605165957,0.25,52.23,
2026-07-24,479138670874492933,100,Sparta Township Run,26.1,14.4,USW00054779@8.3km,0.0,28.4,4.86,147.8,162.0,6:02,6:04,295.0,80,,,,,,,,8:53,0.761,18:17,0.768,,,,,,,,,,,,,,,,,,too_little_settled_data;,,2.153947895544932,,,0.25,52.23,
2026-07-26,479183095338140050,100,Sparta Township Run,26.7,14.4,USW00054779@8.4km,0.0,63.8,10.26,148.0,164.0,6:33,6:35,303.0,217,0.715,47.14,35.37,1.013,-2.5,-6.9,False,9:54,0.752,20:08,0.753,35:45,0.758,1:13:09,0.752,2.0,69.0,5:19,0.73,9.6,12.8,,,,,,,,,47.14,2.217083270592503,49.357083270592504,1.0478138605165956,0.25,52.16,
2026-07-28,479227533485703470,100,New York County Run,25.0,21.7,USW00094728@0.7km,0.0,43.0,6.71,146.8,160.0,6:28,6:28,38.0,1337,0.691,48.22,36.17,1.031,0.9,-0.6,True,10:09,0.77,19:11,0.763,32:34,0.758,,,,,,,,,,,,,,,,,48.22,3.150232900700246,51.370232900700245,1.092219022544621,1.0,52.08,
2026-07-29,479253245036888167,100,New York County Run,25.6,18.3,USW00094728@1.1km,0.0,44.2,8.69,160.1,180.0,5:25,5:26,5.0,1174,0.853,51.11,42.49,1.164,9.7,13.6,False,7:22,0.863,14:53,0.861,25:41,0.862,,,,,,,,,18.8,0.78,59.65,,,,,,51.11,2.6954350078951332,53.805435007895134,1.2126902392826824,0.9783333333333334,52.23,
2026-07-31,479302984249933825,100,Truckee Run,32.0,-6.0,USW00093201@17.1km,0.0,31.2,4.84,146.7,158.0,6:28,6:26,2082.0,964,0.703,48.51,36.89,1.046,,,,10:08,0.736,19:49,0.757,,,,,,,,,,,,,,,,,,altitude;,48.51,2.1045125015857136,50.614512501585715,1.0700366702409332,0.8033333333333333,52.23,
2026-08-01,479321042433638501,100,Truckee Run,26.0,-1.0,USW00093201@17.1km,0.0,96.6,16.28,143.5,163.0,6:48,6:53,2098.0,825,0.676,47.78,35.55,1.018,5.2,8.0,False,10:59,0.699,21:06,0.715,42:02,0.72,1:30:55,0.715,,,,,,,,,,,,,,altitude;,47.78,1.4731587511099995,49.25315875111,1.0348256691686533,0.6875,52.23,
2026-08-02,479346781642064073,100,Truckee Run,31.0,-7.0,USW00093201@12.9km,0.0,30.4,4.96,147.4,160.0,6:13,6:12,1828.0,273,0.693,50.29,38.25,1.075,,,,9:50,0.772,19:19,0.768,,,,,,,,,,,,,,,,,,altitude;,50.29,1.999286876506428,52.289286876506424,1.0978348367288864,0.25,52.23,
2026-08-04,479390027665670344,100,Truckee Run,29.0,-1.0,USW00093201@17.1km,0.0,29.5,4.92,142.1,163.0,7:22,7:25,2117.0,31,,,,,,,,14:22,0.742,28:07,0.741,,,,,1.0,73.0,6:18,0.738,8.5,,,,,,,,,altitude;too_little_settled_data;,,1.7888356263478564,,,0.25,52.23,
2026-08-05,479414519716675683,100,Soda Springs Run,28.0,1.0,USW00093201@21.3km,0.0,38.0,8.27,162.3,183.0,5:10,5:10,2097.0,697,0.885,54.99,47.49,1.272,,,,8:36,0.828,16:30,0.825,27:53,0.835,,,,,,,,,11.7,0.86,67.57,,,,,altitude;,54.99,1.6836100012685709,56.67361000126857,1.2912293361927465,0.5808333333333333,52.23,
2026-08-07,479463966332977156,101,Indoor Run,,,,0.0,48.6,7.44,134.0,150.0,6:39,6:39,,1668,0.618,52.49,39.05,1.093,25.9,5.2,True,10:29,0.719,20:03,0.679,34:40,0.698,,,,,,,,,,,,,,,,treadmill;,52.49,0.31567687523785704,52.80567687523786,1.09660550053614,1.0,52.23,
2026-08-07,479463680449216517,100,New York County Run,22.2,21.7,USW00094728@0.9km,0.0,2.5,0.7,114.9,140.0,5:47,6:15,40.0,0,,,,,,,,,,,,,,,,,,,,,,,,,,,,,too_little_settled_data;,,2.855601150478246,,,0.25,52.23,
2026-08-08,479481504028721656,100,New York County Run,29.4,21.7,USW00094728@0.7km,0.0,38.4,6.05,150.1,162.0,6:27,6:24,47.0,1096,0.729,47.58,36.06,1.028,,,,9:48,0.749,18:53,0.771,32:20,0.78,,,,,,,,,,,,,,,,,47.58,3.613225651049103,51.193225651049104,1.0945070899976266,0.9133333333333333,52.14,
2026-08-09,479510959182872677,100,New York County Run,30.6,21.7,USW00094728@0.8km,0.0,112.0,17.54,148.2,161.0,6:35,6:33,38.0,1142,0.665,49.81,37.32,1.056,4.6,2.0,True,10:21,0.782,19:58,0.732,33:20,0.745,1:12:31,0.755,1.0,76.0,5:26,0.753,11.1,,,,,,,,,,49.81,3.7394964011442458,53.549496401144246,1.1239492902120825,0.9516666666666667,52.26,
2026-08-10,479533323075486000,101,Indoor Run,,,,0.0,23.6,3.38,134.5,144.0,6:57,6:57,,932,0.598,51.58,37.27,1.056,,,,11:13,0.688,22:29,0.679,,,,,,,,,,,,,,,,,,treadmill;,51.58,0.31567687523785704,51.895676875237854,1.05960550053614,0.7766666666666666,52.26,
2026-08-12,479572848854204517,100,New York County Run,26.7,15.0,USW00094728@0.7km,0.0,44.3,9.76,162.5,190.0,5:03,5:01,30.0,774,0.909,55.97,49.11,1.306,28.9,10.6,False,8:18,0.855,15:55,0.851,26:43,0.842,,,,,,,,,16.1,0.87,62.15,,,,,,55.97,2.3084832590370943,58.278483259037095,1.3431520752288015,0.645,52.64,
2026-08-13,479600005127110857,100,New York County Run,28.9,16.1,USW00094728@0.6km,0.0,45.5,8.09,138.2,159.0,6:32,6:32,35.0,1062,0.65,49.94,37.24,1.055,4.8,-3.9,True,10:18,0.736,20:47,0.709,35:03,0.721,,,1.0,167.0,5:18,0.75,24.6,7.8,,,,,,,,,49.94,2.7075462796932737,52.64754627969327,1.0990828359276816,0.885,52.64,
2026-08-14,479625187321479369,100,New York County Run,28.3,16.7,USW00094728@0.8km,0.0,31.5,5.52,144.8,167.0,5:60,6:00,28.0,494,0.684,51.65,39.61,1.104,,,,9:13,0.761,17:58,0.756,33:27,0.738,,,,,,,,,10.2,0.64,,,,,,,51.65,2.7358108930902936,54.385810893090294,1.1496999505326595,0.4116666666666667,52.7,
2026-08-16,479667327661539531,100,New York County Run,25.6,17.2,USW00094728@0.8km,0.0,116.9,19.87,147.3,161.0,6:02,6:01,31.0,960,0.664,53.04,40.65,1.126,3.7,-2.7,True,8:39,0.773,17:35,0.773,29:47,0.774,1:02:27,0.756,,,,,,,,,,,,,,,53.04,2.527868362413382,55.56786836241338,1.170403512310305,0.8,52.9,
2026-08-18,479713480312652181,100,Freeport Run,,,,0.0,31.0,5.23,128.7,163.0,6:34,6:28,16.0,206,0.601,55.18,40.62,1.125,,,,9:27,0.73,19:02,0.701,1:02:11,0.629,,,1.0,70.0,5:07,0.74,46.6,13.9,21.2,0.89,68.6,,,,,no_weather;,55.18,0.31567687523785704,55.495676875237855,1.12860550053614,0.25,52.9,
2026-08-20,479758757323112950,100,Freeport Run,,,,0.0,40.6,8.04,160.9,191.0,5:14,5:13,23.0,388,0.888,57.87,50.88,1.344,13.7,7.7,False,7:25,0.847,14:08,0.86,24:30,0.855,,,5.0,191.0,4:06,0.914,21.3,20.3,17.0,0.93,63.57,,,,,no_weather;,57.87,0.31567687523785704,58.18567687523785,1.34760550053614,0.3233333333333333,52.9,
2026-08-22,479812989329899825,100,Sparta Township Run,24.4,16.1,USW00054779@8.3km,0.0,30.4,4.94,134.6,152.0,6:19,6:14,306.0,331,0.614,55.93,42.63,1.167,,,,9:36,0.686,19:42,0.685,,,,,1.0,74.0,5:13,0.693,10.4,16.9,,,,,,,,,55.93,2.2340309668364884,58.164030966836485,1.2056745851234718,0.2758333333333333,53.05,
2026-08-23,479829515827183719,100,Sparta Township Run,25.0,16.7,USW00054779@8.3km,0.0,88.0,14.57,145.9,167.0,6:11,6:05,312.0,455,0.671,52.81,40.83,1.13,8.9,4.4,False,9:11,0.787,18:08,0.76,31:14,0.759,1:04:47,0.756,4.0,88.0,4:48,0.777,17.2,16.9,,,,,,,,,52.81,2.388566330328651,55.19856633032865,1.1717338999429054,0.37916666666666665,53.12,
2026-08-24,479851341785628776,100,Sparta Township Run,21.7,12.8,USW00054779@8.3km,0.0,20.0,3.22,143.8,159.0,6:15,6:13,300.0,67,,,,,,,,10:15,0.75,20:35,0.734,,,,,1.0,75.0,4:51,0.747,16.2,11.7,,,,,,,,too_little_settled_data;,,1.4472218426771644,,,0.25,53.12,
2026-08-25,479880905647751372,100,New York County Run,24.4,14.4,USW00094728@0.7km,0.0,33.2,6.13,152.5,181.0,5:35,5:36,38.0,0,,,,,,,,7:43,0.828,15:25,0.823,28:34,0.797,,,4.0,102.0,4:04,0.866,15.9,20.0,,,,,,,,too_little_settled_data;,,1.9750643329101458,,,0.25,53.12,
2026-08-27,479925971934281729,100,New York County Run,22.2,21.7,USW00094728@0.9km,0.0,31.2,5.17,139.8,161.0,6:10,6:10,37.0,469,0.666,53.66,41.46,1.143,,,,9:31,0.733,19:55,0.737,36:02,0.713,,,,,,,,,,,,,,,,,53.66,2.855601150478246,56.51560115047824,1.2008538887108906,0.3908333333333333,53.26,
2026-08-28,479945168030564356,100,New York County Run,26.7,18.3,USW00094728@0.5km,0.0,32.8,5.63,147.9,178.0,6:03,6:01,33.0,179,,,,,,,,9:24,0.788,18:48,0.782,33:26,0.762,,,1.0,115.0,4:07,0.872,20.0,18.5,,,,,,,,too_little_settled_data;,,2.811183195482347,,,0.25,53.26,
2026-08-29,479964451091546319,100,New York County Run,19.4,15.0,USI0000KJRB@1.5km,0.0,12.6,2.2,133.9,173.0,5:48,5:48,6.0,0,,,,,,,,11:59,0.705,,,,,,,1.0,100.0,4:18,0.836,39.0,26.4,,,,,,,,too_little_settled_data;,,1.5403361959583088,,,0.25,53.26,
2026-08-29,479965265784766766,100,New York County Run,21.7,12.8,USI0000KJRB@1.6km,0.0,42.0,10.12,182.4,189.0,4:08,4:08,4.0,1839,0.923,56.0,49.22,1.308,4.4,5.3,True,6:15,0.924,11:52,0.894,20:07,0.911,41:27,0.927,,,,,,,,,,,,49.8,10000.0,,56.0,1.4472218426771644,57.447221842677166,1.3305694537238133,1.0,53.66,49.8
2026-08-31,480018554249314505,100,New York Run,23.3,18.9,USW00094728@1.4km,0.0,33.8,5.36,135.5,154.0,6:23,6:19,31.0,585,0.64,53.26,40.6,1.125,,,,9:56,0.722,21:59,0.691,54:03,0.689,,,,,,,,,,,,,,,,,53.26,2.544816058657367,55.804816058657366,1.173264236917181,0.4875,53.77,49.8
2026-09-01,480041159207453174,100,New York County Run,26.7,23.3,USW00094728@0.8km,0.0,53.0,8.54,140.8,163.0,6:17,6:16,5.0,1406,0.678,51.48,39.31,1.098,19.2,4.1,True,9:48,0.763,18:57,0.746,34:13,0.725,,,,,,,,,,,,,,,,,51.48,3.572849765853942,55.05284976585394,1.1674973787476497,1.0,53.88,49.8
2026-09-02,480063463769538660,100,New York County Run,19.4,18.9,USW00094728@0.7km,0.0,42.0,6.82,139.6,159.0,6:12,6:09,34.0,750,0.632,56.34,43.56,1.186,1.4,6.0,False,9:26,0.717,19:10,0.702,37:09,0.705,,,1.0,95.0,5:10,0.734,19.9,,,,,,,,,,56.34,2.134436120848153,58.474436120848154,1.2295770862201991,0.625,54.13,49.8
2026-09-04,480108917676867785,100,Sparta Township Run,28.3,15.6,USW00054779@8.4km,0.0,41.7,6.92,139.5,158.0,6:18,6:21,303.0,299,0.663,52.55,39.89,1.11,9.8,4.4,False,9:36,0.683,19:26,0.706,32:42,0.711,,,,,,,,,14.4,0.78,77.75,,,,,,52.55,2.568244247608543,55.11824424760854,1.151413223560282,0.25,54.15,49.8
2026-09-05,480135692234555897,100,Sparta Township Run,25.0,13.9,USW00054779@8.3km,0.0,17.1,2.7,126.8,145.0,6:27,6:22,300.0,176,,,,,,,,10:45,0.672,,,,,,,,,,,,,,,,,,,,too_little_settled_data;,,1.962033050920558,,,0.25,54.15,49.8
2026-09-06,480157127879458919,100,Sparta Township Run,22.2,13.9,USW00054779@7.5km,0.0,126.6,21.12,145.2,165.0,6:06,6:02,227.0,673,0.631,55.26,42.09,1.156,9.1,3.3,False,8:55,0.805,17:01,0.796,29:38,0.784,1:04:58,0.72,,,,,,,,,,2:27:31,0.736,,,,55.26,1.667401300698558,56.927401300698556,1.183457097452214,0.5608333333333333,54.29,49.8
2026-09-07,480179453387899181,100,Sparta Township Run,25.6,11.1,USW00054779@8.3km,0.0,32.0,4.83,139.0,157.0,6:37,6:29,310.0,284,0.652,54.69,41.77,1.149,,,,10:13,0.722,19:50,0.728,,,,,3.0,78.0,5:06,0.724,15.6,15.1,,,,,,,,,54.69,1.5986351465600361,56.28863514656003,1.169631662736212,0.25,54.34,49.8
2026-09-08,480205830132629516,100,New York County Run,24.4,13.9,USW00094728@0.7km,0.0,36.2,5.63,133.7,147.0,6:28,6:28,35.0,1000,0.611,54.7,41.29,1.139,,,,10:24,0.709,20:19,0.692,42:49,0.682,,,,,,,,,,,,,,,,,54.7,1.8988976758729863,56.59889767587299,1.1691011311787167,0.8333333333333334,54.5,49.8
2026-09-09,480230848577175554,100,New York County Run,26.1,18.9,USW00094728@0.7km,0.0,42.6,7.11,137.8,170.0,6:06,6:07,36.0,887,0.646,55.75,42.67,1.168,20.9,7.8,False,9:20,0.713,18:47,0.687,32:06,0.708,,,,,,,,,,,,,,,,,55.75,2.839447808879367,58.58944780887937,1.2196293707509116,0.7391666666666666,54.74,49.8
2026-09-10,480248948651491429,100,New York County Run,28.3,18.3,USW00094728@0.6km,0.0,69.7,11.5,142.9,161.0,6:32,6:30,34.0,792,0.686,49.8,37.76,1.065,-2.8,-1.0,True,10:29,0.747,21:29,0.744,37:26,0.741,1:20:45,0.725,,,,,,,,,,,,,,,49.8,2.979544195609204,52.779544195609205,1.1169351897652084,0.66,54.64,49.8
2026-09-11,480272824634736943,100,New York County Run,25.6,10.6,USW00094728@0.7km,0.0,31.3,5.02,140.8,154.0,6:16,6:13,32.0,717,0.643,53.1,39.87,1.11,,,,9:54,0.734,18:36,0.721,39:03,0.714,,,,,,,,,,,,,,,,,53.1,1.5224684895228766,54.62246848952288,1.1286831504760406,0.5975,54.64,49.8
2026-09-13,480315253014429796,100,New York County Run,21.1,21.1,USW00094728@0.7km,0.0,130.1,22.57,148.9,176.0,5:47,5:45,31.0,1347,0.661,54.63,42.16,1.158,7.5,-0.9,False,7:22,0.859,14:04,0.868,23:56,0.863,58:18,0.788,3.0,227.0,4:42,0.82,10.9,16.8,26.7,0.89,59.96,2:08:54,0.757,,,,54.63,2.648452974446441,57.278452974446445,1.2121936571354333,1.0,54.84,49.8
2026-09-14,480345472670662760,100,New York County Run,21.7,5.6,USW00094728@0.7km,0.0,25.2,3.74,124.5,139.0,6:47,6:46,37.0,119,,,,,,,,10:40,0.65,22:26,0.645,,,,,,,,,,,,,,,,,,too_little_settled_data;,,1.020688563269071,,,0.25,54.84,49.8
2026-09-15,480367410828837164,100,New York County Run,20.0,12.2,USW00094728@0.9km,0.0,32.8,5.41,138.6,156.0,6:15,6:19,17.0,1016,0.643,54.01,41.1,1.136,,,,10:07,0.71,19:13,0.708,33:19,0.705,,,,,,,,,,,,,,,,,54.01,1.176938291597787,55.186938291597784,1.154188122041128,0.8466666666666667,54.86,49.8
2026-09-16,480392299082186860,100,New York County Run,22.2,17.8,USW00094728@0.7km,0.0,45.5,7.17,135.7,152.0,6:22,6:22,33.0,1168,0.62,54.48,41.11,1.136,0.7,3.4,True,9:53,0.703,19:53,0.689,46:54,0.695,,,,,,,,,,,,,,,,,54.48,2.261501225588402,56.7415012255884,1.1786554930815523,0.9733333333333334,54.99,49.8
2026-09-17,480414909406937194,100,New York County Run,26.1,20.6,USW00094728@0.9km,0.0,78.2,12.87,147.8,164.0,6:04,6:02,44.0,1650,0.688,50.67,38.75,1.086,0.8,-4.6,True,8:45,0.8,18:15,0.776,30:48,0.754,1:05:49,0.761,,,,,,,,,,,,,,,50.67,3.09841444280571,53.768414442805714,1.1442543124354951,1.0,54.91,49.8
2026-09-18,480437037885850105,100,New York County Run,25.6,15.0,USW00094728@0.7km,0.0,46.6,7.52,136.6,159.0,6:30,6:28,48.0,538,0.625,53.25,39.94,1.111,7.9,3.4,True,10:02,0.715,19:17,0.721,35:16,0.71,,,,,,,,,,,,,,,,,53.25,2.1927350714498806,55.44273507144988,1.1468300583655502,0.4483333333333333,54.92,49.8
2026-09-20,480476288247693512,100,New York County Run,18.3,17.2,USW00094728@0.8km,0.0,141.3,24.42,146.1,175.0,5:49,5:47,24.0,817,0.639,53.79,40.86,1.131,5.7,-5.2,False,7:21,0.871,14:01,0.87,23:36,0.871,58:34,0.802,2.0,347.0,4:35,0.85,10.0,,29.3,0.91,57.89,2:14:23,0.748,,,,55.84,1.7597212993345965,57.5997212993346,1.1666301276723645,0.6808333333333333,55.05,49.8
2026-09-22,480532286033395914,100,New York County Run,17.8,9.4,USW00094728@0.7km,0.0,27.9,4.52,132.7,150.0,6:15,6:11,30.0,431,0.587,57.88,44.98,1.214,,,,9:35,0.72,19:14,0.695,,,,,1.0,81.0,5:13,0.688,19.5,,12.0,0.59,,,,,,,57.88,0.610308625459857,58.49030862545986,1.2209706343698705,0.3591666666666667,55.13,49.8
2026-09-23,480551296898727939,100,New York County Run,18.9,8.3,USW00094728@0.9km,0.0,35.9,5.88,141.4,153.0,6:13,6:13,35.0,797,0.668,52.38,40.2,1.117,,,,9:14,0.752,20:03,0.737,35:27,0.727,,,,,,,,,,,,,,,,,52.38,0.726056813047071,53.106056813047076,1.1252926512331218,0.6641666666666667,55.04,49.8
2026-09-24,480576984294916699,100,New York County Run,17.2,5.6,USW00094728@0.7km,0.0,43.1,6.86,138.3,158.0,6:22,6:20,26.0,739,0.652,53.74,41.54,1.145,-2.2,8.9,True,9:28,0.722,23:04,0.705,40:41,0.699,,,2.0,82.0,5:22,0.691,19.0,10.6,,,,,,,,,53.74,0.5471732504122855,54.28717325041229,1.1512495342626425,0.6158333333333333,55.01,49.8
2026-09-25,480599281078665518,100,New York County Run,20.0,7.8,USW00094728@0.7km,0.0,41.2,6.76,144.7,165.0,6:06,6:04,36.0,1146,0.686,52.1,40.02,1.113,-1.0,4.2,False,9:09,0.77,17:48,0.759,33:14,0.744,,,1.0,64.0,4:59,0.789,11.7,,,,,,,,,,52.1,0.8418050006342854,52.94180500063429,1.1226146680963733,0.955,54.88,49.8
2026-09-27,480640511154094480,100,New York County Run,16.7,16.7,USW00094728@0.9km,0.0,110.9,18.76,148.8,170.0,5:56,5:56,51.0,1338,0.712,50.11,38.72,1.085,-3.2,-7.2,False,7:20,0.844,14:02,0.831,26:44,0.797,1:05:24,0.755,1.0,257.0,4:43,0.772,9.2,,11.4,0.63,,,,,,,50.11,1.5151936421705798,51.62519364217058,1.1167586817929183,1.0,54.68,49.8
2026-09-28,480670457813565841,100,New York County Run,15.6,13.9,USW00094728@0.9km,0.0,40.3,6.44,134.6,151.0,6:20,6:20,34.0,492,0.643,54.92,41.97,1.154,-9.6,-1.1,True,9:30,0.709,22:04,0.701,43:43,0.686,,,1.0,93.0,5:15,0.693,11.0,,,,,,,,,,54.92,0.9729121751752725,55.892912175175276,1.1735249962727061,0.41,54.71,49.8
2026-09-29,480694803300909063,100,New York County Run,18.3,12.8,USW00094728@0.6km,0.0,57.7,9.77,141.7,163.0,5:57,5:57,35.0,1302,0.657,55.5,43.28,1.181,-3.2,-0.0,True,8:53,0.729,17:43,0.732,32:10,0.73,,,,,,,,,,,,,,,,,55.5,1.089454717407593,56.58945471740759,1.1994832197828547,1.0,54.82,49.8
2026-09-30,480713673776595044,100,New York County Run,,,,0.0,75.6,13.18,146.9,161.0,5:44,5:42,37.0,1185,0.704,55.54,44.58,1.21,-3.8,1.3,True,8:39,0.735,16:19,0.754,30:41,0.754,1:02:51,0.758,,,,,,,,,,,,,,no_weather;,55.54,0.31567687523785704,55.855676875237855,1.21360550053614,0.9875,54.82,49.8
